agent_id,agent_type,Product,liking,generator_model,actual_visual_fr,actual_texture_fr,actual_flavor_fr,liking_rationale_en
system1_01,system1,J22,6.5,gemini-2.5-flash-lite,"La couleur est assez jolie, un rose pâle comme j'aime, mais je vois une zone de gras un peu trop prononcée sur le bord.","La texture est plutôt bonne, elle fond bien en bouche sans être trop molle. Il y a juste une petite élasticité qui n'est pas désagréable mais pas parfaite non plus.","Le goût de jambon est là, pas trop prononcé, et pas trop salé, c'est plutôt agréable. Il manque un petit quelque chose pour vraiment être un coup de cœur, mais c'est réconfortant.","The ham has a pleasant flavor and texture profile, but the visual appearance with excess fat and the slightly elastic texture prevent it from being ideal."
system1_01,system1,J17,5.0,gemini-2.5-flash-lite,"La couleur est assez jolie, un rose pâle comme j'aime, mais il y a un peu trop de gras visible, et ces petits points sombres ne me disent rien qui vaille.","C'est assez tendre, ça fond bien en bouche, mais par moments, notamment quand il y a ces parties blanches, ça devient un peu caoutchouteux. Les tranches sont trop fines pour bien apprécier.","Le goût est correct, on sent le jambon, et ce n'est pas trop salé, mais il manque un peu de profondeur, comme un petit quelque chose en plus, peut-être une touche fumée plus prononcée.","The ham has a decent color and tenderness but is marred by too much fat, some unappetizing spots, a slightly rubbery texture in parts, and a flavor that lacks depth."
system1_01,system1,J11,6.5,gemini-2.5-flash-lite,"La couleur est plutôt jolie, un rose pâle comme j'aime, même s'il y a quelques aspérités sur la tranche. Ça a l'air assez humide, ce qui est bon signe.","La texture est un peu ferme à mon goût, pas aussi fondante que j'espérais. Elle n'est pas pâteuse heureusement, mais manque un peu de moelleux.","Le goût est assez discret, je m'attendais à quelque chose d'un peu plus prononcé, un peu fumé. Ce n'est pas mauvais, mais ça manque un peu de caractère.","The ham has a good visual appeal and pleasant moisture, but the texture is a bit too firm and the flavor lacks the desired intensity."
system1_01,system1,J29,8.5,gemini-2.5-flash-lite,"La couleur est jolie, un beau rose pâle comme j'aime, mais il y a effectivement pas mal de gras, j'espère que ça va le rendre moelleux.","Il est assez tendre, ça fond bien en bouche, mais ce n'est pas trop mou non plus, juste ce qu'il faut.","Le goût est là, bien présent, un bon goût de jambon, pas trop salé, juste ce qu'il faut pour être savoureux.","The ham has a good flavor and texture, meeting the consumer's preferences for juiciness and a satisfying bite, though the visual aspect of the fat could be slightly improved."
system1_01,system1,J25,5.0,gemini-2.5-flash-lite,"La couleur est un peu pâle, presque trop, et je vois un peu d'eau qui s'échappe, ce qui me laisse un peu perplexe sur sa fraîcheur.","La texture est assez surprenante, d'abord un peu caoutchouteuse, mais une fois en bouche, ça devient fondant. C'est un peu bizarre, mais pas désagréable.","Le goût est un peu subtil, je m'attendais à quelque chose d'un peu plus prononcé, un vrai goût de jambon fumé. Il y a une légère note qui me rappelle un peu le bouillon, ce qui n'est pas ce que je recherche.","The ham has an unusual texture and a flavor that deviates from a classic smoky ham, despite being moderately salty."
system1_01,system1,J07,7.0,gemini-2.5-flash-lite,"La couleur est un peu plus foncée que ce que j'aime, et il y a pas mal de gras visible, mais ça promet d'être savoureux.","La texture est plutôt ferme, avec une bonne mâche. Il est un peu sec à cœur, mais ça reste agréable.","Le goût de jambon est bien présent, un peu fumé, et juste ce qu'il faut de salé. C'est un goût réconfortant et authentique.","The ham has a good, comforting flavor and a satisfying texture, though it's slightly darker and a bit drier than ideal."
system1_02,system1,J22,8.5,gemini-2.5-flash-lite,"La couleur est jolie, bien rose comme j'aime, pas trop pâle. Il y a juste ce qu'il faut de gras, ça donne envie.","C'est assez tendre, ça fond bien en bouche sans être pâteux. Ça se mâche facilement, c'est agréable.","Le goût de porc est là, pas trop fort, et ce n'est pas trop salé. C'est un goût familier et réconfortant, j'aime bien.","The ham has a good pink color, a pleasant tender texture, and a comforting, moderately salty flavor that aligns with the consumer's preferences."
system1_02,system1,J17,4.5,gemini-2.5-flash-lite,"Il a une jolie couleur rosée, mais il y a un peu trop de gras à mon goût et ces petits points sombres ne sont pas très appétissants.","La texture est assez ferme, pas trop mal, mais certaines parties sont un peu trop dures, surtout les nervures blanches. Il est un peu juteux par endroits, c'est bien.","Le goût est assez prononcé en sel, ce qui masque un peu la saveur du jambon. Il y a un petit goût fumé, mais j'aurais préféré un goût de porc plus présent.","The ham has a decent color but too much fat and some unappetizing dark spots, the texture is acceptable but inconsistent, and the flavor is too salty, masking the ham's taste."
system1_02,system1,J11,2.0,gemini-2.5-flash-lite,"La couleur est un peu pâle, pas aussi rose que j'aime d'habitude, et l'aspect un peu aggloméré n'est pas très engageant.","C'est un peu pâteux et ça s'effrite un peu, pas vraiment la texture que je recherche, ça manque de mâche.","Le goût est vraiment trop léger, presque inexistant. Il manque de caractère et de sel, je n'ai pas vraiment l'impression de manger du jambon.","The ham's pale color, pasty texture, and lack of flavor are significant disappointments compared to the consumer's preferences."
system1_02,system1,J29,4.5,gemini-2.5-flash-lite,"La couleur est jolie, bien rose comme j'aime, mais il y a quand même pas mal de gras, surtout des gros morceaux au milieu qui ne me disent rien.","C'est assez tendre, ça fond un peu, mais il y a des bouts un peu coriaces et même du cartilage, c'est pas super agréable.","Le goût est là, mais il est assez discret, pas très prononcé. Il manque un peu de caractère, de ce côté fumé et bien salé que j'apprécie.","The ham has a good color but too much fat and inconsistent texture, with a flavor that is too mild."
system1_02,system1,J25,3.0,gemini-2.5-flash-lite,"Hmm, il a l'air un peu humide, et je vois plusieurs teintes de rose, ce qui n'est pas idéal.","C'est un peu caoutchouteux, je m'attendais à quelque chose de plus fondant.","Le goût est un peu trop salé pour moi, et il manque un peu de ce bon goût de porc que j'aime.","The ham is too wet, rubbery, and excessively salty, lacking the comforting pork flavor the consumer prefers."
system1_02,system1,J07,5.0,gemini-2.5-flash-lite,"La couleur est un peu pâle à mon goût, et je vois pas mal de gras et quelques nerfs, ça me plaît moins.","C'est un peu sec, il faut bien mâcher. Ce n'est pas désagréable, mais ce n'est pas non plus le fondant que j'espérais.","Le goût est assez neutre, juste ce qu'il faut de sel. Il y a un léger goût de porc, c'est réconfortant, mais pas très prononcé.","The ham is okay, but the visual aspect is not ideal, and the texture is a bit dry, lacking the juicy feel the consumer prefers."
system1_03,system1,J22,8.5,gemini-2.5-flash-lite,"La couleur est assez jolie, un rose pâle pas trop vif. On voit un peu de gras, ça donne envie.","C'est assez tendre en bouche, ça fond bien sans être trop mou. Ça ne colle pas trop aux dents.","Le goût de porc est là, mais c'est pas trop salé, c'est juste ce qu'il faut. On sent un peu le fumé, c'est agréable.","The ham has a pleasant appearance, a tender and melting texture, and a well-balanced flavor that is not too salty, aligning well with the consumer's preferences."
system1_03,system1,J17,6.5,gemini-2.5-flash-lite,"La couleur est un peu plus foncée que ce que j'aime, et il y a pas mal de gras visible.","C'est assez tendre, ça fond bien en bouche, mais parfois c'est un peu ferme là où il y a des parties blanches.","Le goût est pas mal, on sent bien le jambon, mais c'est un peu trop salé à mon goût, ça masque un peu le fumé.","The ham has a decent flavor and texture, but it's a bit too salty and the visual isn't ideal."
system1_03,system1,J11,8.5,gemini-2.5-flash-lite,"La couleur est un joli rose pâle, ça a l'air assez humide, on voit quelques petites nervures. Ce n'est pas trop artificiel, ça me semble correct.","La texture est assez souple, ça fond bien en bouche sans être caoutchouteux ni trop pâteux. Ça se mâche facilement.","Le goût est vraiment bien, on sent le porc et une légère touche fumée, pas trop salé. C'est exactement ce que j'aime.","The ham has a pleasing appearance, a good texture that is tender and easy to chew, and a well-balanced flavor profile that is not too salty, meeting the consumer's preferences."
system1_03,system1,J29,6.5,gemini-2.5-flash-lite,"La couleur est jolie, un beau rose pâle, mais il y a pas mal de gras, surtout au milieu. Ça brille un peu, ce qui est pas mal.","C'est assez tendre, ça se mange bien. Par contre, il y a un petit côté un peu coriace par endroits, pas idéal.","Le goût est là, ça sent le jambon, et heureusement, ce n'est pas trop salé. C'est un peu léger en goût, j'aurais aimé un peu plus de caractère.","The ham has a pleasant flavor and acceptable texture, but the visual aspect with the fat distribution and slightly tough texture detract from the overall experience."
system1_03,system1,J25,3.0,gemini-2.5-flash-lite,"La couleur est un peu pâle, pas très appétissante, et ça a l'air un peu humide.","La texture est un peu trop molle, ça fond presque trop, mais ce n'est pas caoutchouteux.","Le goût est assez neutre, pas vraiment de goût de jambon, et c'est un peu trop salé à mon goût.","The ham was not very appealing visually, lacked a distinct ham flavor, and was a bit too salty for the consumer's preference."
system1_03,system1,J07,7.0,gemini-2.5-flash-lite,"La couleur est un peu plus foncée que ce que j'espérais, et je vois un peu de gras et quelques cartilages, mais ça va.","C'est assez tendre, ça fond bien en bouche, mais il y a une petite mâche qui n'est pas désagréable.","Le goût de porc est là, c'est savoureux sans être trop salé. On sent un peu le fumé, c'est pas mal.","The ham has a good ham flavor and a pleasant, tender texture, though the color is slightly darker than ideal."
system1_04,system1,J22,7.0,gemini-2.5-flash-lite,"La couleur est assez jolie, un beau rose pâle, et il n'y a pas trop de gras apparent, juste ce qu'il faut pour donner envie.","La texture est pas mal, elle fond un peu mais on sent qu'il y a une légère mâche, ce n'est pas mou du tout, même si j'ai senti une petite élasticité parfois.","Le goût est assez bon, on sent bien le porc, ce n'est pas trop salé et c'est plutôt agréable en bouche, même si ça manque un peu d'intensité.","The ham has a good visual appeal and a pleasant, slightly chewy texture, with a decent savory flavor that isn't overly salty."
system1_04,system1,J17,4.5,gemini-2.5-flash-lite,"La couleur est assez jolie, un rose pâle, mais il y a un peu trop de gras apparent et quelques petits points qui ressemblent à du sang, ce n'est pas très appétissant.","La texture est plutôt ferme, mais pas caoutchouteuse. Par contre, j'ai senti quelques nervures un peu dures, et les tranches sont vraiment trop fines à mon goût.","Le goût est moyen, un peu trop salé à mon avis, ce qui masque un peu le goût du jambon. Il y a un léger goût fumé, ce qui est agréable, mais dans l'ensemble, il manque un peu de saveur.","The ham has a decent color and is not tough, but the excessive fat, slight blood spots, thin slices, and overly salty flavor detract significantly from the experience."
system1_04,system1,J11,3.0,gemini-2.5-flash-lite,"La couleur est un peu pâle, ça fait pas très envie. Les tranches sont un peu irrégulières, pas très jolies.","La texture est un peu pâteuse, ça s'effrite à peine. Ce n'est pas vraiment ce que j'attendais, c'est un peu mou.","Le goût est vraiment trop léger, on ne sent pas grand-chose. J'aurais aimé quelque chose de plus savoureux, plus marqué.","The ham has a pale color, a slightly pasty texture, and a very mild flavor, which doesn't meet the consumer's preference for appealing visuals and a strong, savory taste."
system1_04,system1,J29,6.0,gemini-2.5-flash-lite,"La tranche a une belle couleur rose, mais il y a pas mal de gras, surtout au milieu. Ça brille un peu, ça me fait un peu hésiter.","C'est assez tendre, ça se mange bien. Il y a juste un petit bout un peu plus coriace, mais dans l'ensemble, c'est pas mal.","Le goût est là, c'est un bon goût de jambon, mais il n'est pas très prononcé. J'aurais aimé un peu plus de saveur.","The ham has an appealing color and a pleasant, tender texture, but the flavor is a bit too mild for the consumer's liking."
system1_04,system1,J25,4.0,gemini-2.5-flash-lite,"La couleur est un peu pâle, ça fait un peu reconstitué et on voit un peu d'eau, ce qui n'est pas idéal.","La texture est un peu mitigée, certaines parties sont fondantes mais d'autres sont un peu trop fermes, voire caoutchouteuses par moments.","Le goût est assez fade, on ne sent pas vraiment le goût du jambon, et il y a une légère note de bouillon qui n'est pas désagréable mais pas ce que j'attendais.","The ham's appearance is a bit pale and reconstituted, the texture is inconsistent with some rubbery parts, and the flavor is too mild and lacks a distinct ham taste."
system1_04,system1,J07,7.0,gemini-2.5-flash-lite,"La couleur est un peu plus foncée que ce que j'espérais, mais ça a l'air assez juteux avec quelques parties un peu grasses qui promettent.","C'est assez tendre, ça se mâche bien sans être caoutchouteux. Par contre, il y a quelques petites nervures qui sont un peu moins agréables sous la dent.","Le goût est vraiment sympa, bien savoureux et pas trop salé. On sent bien le bon goût de porc, c'est réconfortant.","The ham has a good savory flavor and pleasant texture, though the visual could be slightly improved and some parts had minor textural inconsistencies."
system1_05,system1,J22,6.5,gemini-2.5-flash-lite,"La couleur est assez sympa, un joli rose mais je vois un peu trop de gras sur les bords, ça aurait pu être un peu mieux réparti.","C'est assez tendre et ça fond bien, mais j'ai l'impression que ça manque un peu de mâche, c'est presque trop mou.","Le goût est correct, on sent bien le porc, c'est pas trop salé, mais il manque un peu de profondeur, un petit quelque chose pour le rendre vraiment savoureux.","The ham has a decent color and flavor, but the texture is a bit too soft and the flavor lacks intensity."
system1_05,system1,J17,5.0,gemini-2.5-flash-lite,"La couleur est jolie, un beau rose, mais il y a un peu trop de gras à mon goût et ces petits points foncés ne sont pas très appétissants.","La texture est globalement tendre et agréable, mais certaines parties sont un peu trop fermes, et les tranches sont un peu fines pour bien apprécier.","Le goût de jambon est là, légèrement fumé, mais il est un peu trop salé à mon goût, ce qui masque un peu la saveur.","The ham has some positive visual and texture aspects, but the excessive fat, occasional toughness, and saltiness detract from the overall enjoyment."
system1_05,system1,J11,2.0,gemini-2.5-flash-lite,"La couleur est un peu pâle, ça fait pas très frais, et les tranches ont l'air un peu agglomérées, pas super appétissant.","C'est un peu pâteux en bouche, ça manque de mâche, ça s'effrite un peu, pas la texture que j'aime.","Le goût est vraiment trop léger, on sent à peine le porc, ça manque de caractère et de sel, c'est presque fade.","The ham's appearance is unappealingly pale and clumpy, its texture is mushy and lacking chew, and the flavor is bland and too weak, failing to meet the consumer's high flavor priority."
system1_05,system1,J29,4.5,gemini-2.5-flash-lite,"La couleur est sympa, bien rose, mais il y a vraiment beaucoup de gras, et pas juste un peu brillant, là c'est des gros morceaux qui font un peu peur.","C'est assez tendre, ça fond un peu, mais il y a des moments où c'est un peu coriace, pas aussi fondant que j'aimerais.","Le goût est là, on sent le jambon, et heureusement ce n'est pas trop salé, mais ça manque un peu de caractère, c'est un peu fade.","The ham has a pleasant color and is not too salty, but the excessive fat and lack of pronounced flavor prevent a higher score."
system1_05,system1,J25,2.0,gemini-2.5-flash-lite,"Hmm, la couleur est un peu pâle, ça fait un peu reconstitué quand même, et il y a pas mal de gras qui semble un peu aqueux.","C'est un peu caoutchouteux, pas aussi fondant que j'espérais. Ça manque un peu de cette mâche agréable.","Le goût est vraiment trop salé, ça masque tout le reste. On sent plus le sel que le goût du jambon.","The ham is too pale and reconstituted looking, the texture is rubbery, and the flavor is overpoweringly salty."
system1_05,system1,J07,3.0,gemini-2.5-flash-lite,"Hmm, la couleur est un peu pâle et il y a pas mal de gras et de cartilage, ça ne me tente pas trop.","C'est un peu ferme et sec, j'espérais quelque chose de plus fondant.","Le goût est assez neutre, pas très prononcé, et un peu trop salé à mon goût.","The ham's appearance is unappealing due to excess fat and cartilage, the texture is too dry and firm, and the flavor is too neutral and salty."
system1_06,system1,J22,8.5,gemini-2.5-flash-lite,"La couleur est jolie, pas trop artificielle, on voit un peu de gras mais ça ne me dérange pas, ça a l'air appétissant.","C'est assez tendre, ça fond un peu en bouche, pas caoutchouteux du tout, juste ce qu'il faut.","Le goût est bien là, pas trop salé, juste ce qu'il faut, ça sent vraiment bon le jambon.","The ham has a good color, a pleasant tender texture, and a well-balanced ham flavor that isn't too salty, aligning well with the consumer's preferences."
system1_06,system1,J17,5.5,gemini-2.5-flash-lite,"Ah, il a l'air pas mal, une jolie couleur rose, mais il y a un peu trop de gras à mon goût, et je vois quelques petits trucs qui ressemblent à du sang, c'est pas terrible.","C'est assez tendre quand même, ça fond bien, mais par moments c'est un peu ferme, surtout quand il y a ces espèces de veines blanches. Et les tranches sont vraiment fines.","Le goût de jambon est là, mais c'est un peu trop salé, ça couvre un peu le reste. Il manque un peu de saveur, même si ça sent pas mauvais.","The ham has a pleasant texture and color, but it's a bit too salty and lacks some flavor, with some visual imperfections."
system1_06,system1,J11,2.0,gemini-2.5-flash-lite,"La couleur est un peu pâle, pas très invitante, ça fait un peu viande agglomérée. Les tranches sont un peu irrégulières.","La texture est un peu pâteuse, pas vraiment ce que j'attendais, ça s'effrite un peu.","Le goût est vraiment trop léger, je ne sens presque pas le porc. Manque de caractère et de sel, ce n'est pas très savoureux.","The ham's appearance is unappealing, the texture is pasty, and the flavor is too bland and lacks salt, failing to meet the preference for a real ham taste."
system1_06,system1,J29,5.0,gemini-2.5-flash-lite,"Ah, belle couleur rose, ça c'est bien, mais alors tout ce gras… il y en a vraiment partout et en gros morceaux, ça me rebute un peu. La tranche est un peu déchirée aussi.","C'est assez tendre, ça fond bien, mais par endroits c'est un peu coriace, pas super agréable. Pas aussi moelleux que j'espérais.","Le goût est là, on sent le jambon, et heureusement ce n'est pas trop salé. Mais ça manque un peu de caractère, c'est un peu fade à mon goût.","The ham has a pleasant color and is not too salty, but the excessive fat and slightly tough texture detract from the overall enjoyment."
system1_06,system1,J25,5.5,gemini-2.5-flash-lite,"Elle a une couleur un peu pâle, et on voit un peu de gras, ça a l'air un peu humide.","C'est assez tendre, ça fond un peu, mais c'est pas non plus le truc le plus moelleux que j'ai mangé. Ça va.","Le goût est pas mal, pas trop salé, ça sent un peu le porc, mais j'aurais aimé un peu plus de saveur, c'est un peu fade.","The ham has a decent flavor and texture, but it lacks the strong, authentic ham taste the consumer desires and the visual is not particularly appealing."
system1_06,system1,J07,6.5,gemini-2.5-flash-lite,"Hmm, la couleur est un peu plus foncée que ce que j'espérais, ça ne fait pas super appétissant, et il y a quelques parties un peu pâles avec des cartilages.","C'est un peu ferme en bouche, il y a une certaine mâche, mais ce n'est pas non plus désagréable. Par contre, je trouve ça un petit peu sec.","Le goût est plutôt prononcé, ça sent le vrai jambon, pas un truc reconstitué. Le sel est juste comme il faut, pas trop fort, et ça laisse une petite saveur agréable en bouche.","The ham has a good, authentic ham flavor and is not too salty, but the texture is a bit too firm and dry for my preference."
system1_07,system1,J22,8.0,gemini-2.5-flash-lite,"La couleur est assez jolie, un beau rose pâle, et le gras semble bien réparti, pas trop présent.","C'est tendre, ça fond un peu en bouche, pas caoutchouteux du tout, juste ce qu'il faut de moelleux.","Le goût est bien de porc, pas trop salé, avec une légère note fumée qui est agréable. Ça sent vraiment le bon jambon.","The ham has a pleasant color, a tender and melt-in-your-mouth texture, and a well-balanced, savory ham flavor with moderate saltiness."
system1_07,system1,J17,6.5,gemini-2.5-flash-lite,"La couleur est assez jolie, un beau rose, mais il y a un peu trop de gras visible, et ces petits points de sang ne sont pas très appétissants.","La texture est globalement bien, assez tendre, ça fond bien. Par contre, il y a des endroits un peu plus fermes, comme des petites nervures, ce qui est un peu dommage.","Le goût est correct, on sent bien le jambon, et ce n'est pas trop salé. Il y a une petite touche fumée agréable, mais j'aurais peut-être aimé un peu plus de saveur.","The ham has a pleasant color and a good ham flavor that isn't too salty, but the excessive fat and occasional tough texture detract from the overall experience."
system1_07,system1,J11,4.5,gemini-2.5-flash-lite,"La couleur est assez jolie, un beau rose pâle comme j'aime, mais ça fait un peu aggloméré et pas très appétissant sur le dessus, un peu comme si ça avait été mal coupé.","C'est un peu ferme à la découpe, et quand je le mâche, ce n'est pas aussi fondant que j'espérais. Ça a une texture un peu pâteuse, pas aussi tendre et moelleuse que je préfère.","Le goût n'est pas très prononcé, c'est assez neutre. J'aurais aimé un peu plus de caractère, un goût de vrai jambon, peut-être un peu fumé, mais là, ça manque vraiment de saveur.","The ham has a pleasant color but the texture is too firm and not tender enough, and the flavor is too neutral, lacking the desired ham taste."
system1_07,system1,J29,7.0,gemini-2.5-flash-lite,"La couleur est bien rose, mais il y a pas mal de gras au milieu, ça fait un peu grossier.","C'est tendre, ça fond bien en bouche, pas caoutchouteux du tout.","Le goût est bon, bien de porc, pas trop salé, mais je m'attendais à un peu plus de caractère.","The ham is tender and has a good, not too salty flavor, but the visual presentation with excess fat and the slightly weak flavor prevent a higher score."
system1_07,system1,J25,2.0,gemini-2.5-flash-lite,"Il a l'air un peu trop humide, on dirait qu'il a rendu de l'eau. La couleur est un peu pâle, pas le rose que j'aime bien.","La texture est un peu bizarre, c'est pas vraiment caoutchouteux mais pas fondant non plus. C'est un peu trop ferme à mon goût.","Le goût est vraiment trop salé, et ça a un peu un arrière-goût de bouillon. On sent pas vraiment le goût de porc.","The ham is too salty, has an artificial flavor, and the texture is not tender enough."
system1_07,system1,J07,7.0,gemini-2.5-flash-lite,"La couleur est un peu plus foncée que ce que j'aime d'habitude, et il y a un peu trop de gras visible, même si une partie brille joliment.","C'est tendre, ça fond bien en bouche, mais il y a quelques petites nervures qui se sentent sous la dent, c'est dommage, ça gâche un peu le moelleux.","Le goût est assez prononcé, bien savoureux et pas trop salé, on sent bien le porc. C'est vraiment le goût authentique que je recherche.","The ham has a good, authentic flavor and a tender texture, but the visual appearance with excess fat and some visible nerves detracts slightly."
system1_08,system1,J22,8.0,gemini-2.5-flash-lite,"La couleur est jolie, un rose appétissant. Il y a un peu de gras, ce qui est bien, ça promet du moelleux.","Ça fond un peu en bouche, c'est agréable. La mâche est facile, pas trop élastique, et surtout, ça ne rend pas d'eau. C'est bien moelleux sans être mou.","Le goût de porc est là, savoureux mais pas trop prononcé. Il n'est pas trop salé, c'est juste ce qu'il faut. Une bonne surprise, le goût est agréable.","The ham has a pleasing appearance, a good moist and tender texture without being watery, and a savory, well-balanced flavor."
system1_08,system1,J17,6.5,gemini-2.5-flash-lite,"La couleur est assez jolie, un rose appétissant, mais il y a un peu trop de gras visible à mon goût, et ces petits points sombres ne sont pas très rassurants.","La texture est globalement tendre, ça fond bien en bouche, mais par endroits c'est un peu plus ferme, ça accroche un peu.","Le goût est là, on sent bien le porc, avec une légère note fumée qui est agréable. Il n'est pas trop salé, ce qui est un bon point.","The ham has a pleasant savory flavor and a good texture, but the visible fat and occasional toughness detract from the overall experience."
system1_08,system1,J11,3.0,gemini-2.5-flash-lite,"La couleur est un peu pâle à mon goût, mais ça a l'air assez humide. Les tranches ne sont pas parfaites, un peu irrégulières.","C'est un peu pâteux, ça manque de mâche. Ça ne fond pas en bouche comme je l'aime, c'est un peu mou.","Le goût est très léger, presque inexistant. Il n'y a pas assez de caractère, et le sel est à peine perceptible.",The ham's appearance is acceptable but the texture is too pasty and the flavor is too neutral and undersalted for my liking.
system1_08,system1,J29,4.0,gemini-2.5-flash-lite,"La tranche a une belle couleur rose, mais il y a vraiment trop de gras, et pas juste des petites veines, de gros morceaux.","C'est assez tendre, ça fond un peu, mais par endroits c'est un peu coriace, pas uniforme.","Le goût de porc est là, mais il est assez discret. Pas assez savoureux à mon goût, et pas du tout fumé.",The excessive fat and lack of pronounced flavor significantly detracted from the moist and savory ham I prefer.
system1_08,system1,J25,3.0,gemini-2.5-flash-lite,"La couleur est un peu pâle, et je vois un peu trop de gras qui semble suinter de l'eau.","C'est un peu caoutchouteux, mais il y a des moments où ça fond bien. Pas idéal.","Le goût est trop salé pour moi, et je ne sens pas vraiment le goût de porc, plutôt un arrière-goût de bouillon.","The ham is too salty and has an artificial bouillon flavor, with a slightly rubbery texture and unappealing visual."
system1_08,system1,J07,7.0,gemini-2.5-flash-lite,"La couleur est un peu foncée à mon goût, et je vois un peu trop de gras et de nerfs.","C'est assez tendre, ça fond bien en bouche, mais peut-être un peu sec au centre.","Le goût de porc est bien là, savoureux, juste ce qu'il faut de sel, pas de fumé prononcé mais c'est agréable.","The ham has a good savory flavor and pleasant texture, but the visual aspect and slight dryness prevent a higher score."
system1_09,system1,J22,6.5,gemini-2.5-flash-lite,"La couleur est jolie, un beau rose sans être trop pâle ni trop foncée. Il n'y a pas trop de gras visible, juste ce qu'il faut pour avoir l'air un peu juteux.","Il est assez tendre, il fond un peu en bouche, mais il y a une légère élasticité qui n'est pas super agréable, ça se mâche un peu trop.","Le goût est plutôt léger, pas très prononcé mais il y a une petite saveur de jambon qui est agréable. Le sel est modéré, c'est bon mais pas exceptionnel.","The ham has a pleasant color and flavor, but the texture is slightly too elastic, detracting from the overall satisfying experience."
system1_09,system1,J17,5.5,gemini-2.5-flash-lite,"La couleur est assez jolie, un beau rose, mais il y a un peu trop de gras apparent et ces petits points noirs ne me disent rien.","C'est un peu ferme par endroits, surtout près des parties blanches, mais dans l'ensemble, c'est assez tendre et juteux. Les tranches sont un peu fines à mon goût.","Le goût de jambon est là, mais il est un peu trop salé à mon goût, ça masque un peu le fumé subtil que j'aime bien.","The ham has a pleasant color and texture, but the excess fat, some off-putting visual elements, and slightly too much salt detract from the overall enjoyment."
system1_09,system1,J11,2.0,gemini-2.5-flash-lite,"La couleur est un peu pâle, ça ne me donne pas vraiment envie. Les tranches ont l'air un peu irrégulières, pas très appétissant.","C'est un peu sec en bouche, ça se sent tout de suite. La texture n'est pas très agréable, un peu pâteuse.","Le goût est vraiment trop léger, je ne retrouve pas le bon goût de jambon. Il manque de caractère et de sel.","The ham's pale color, dry texture, and lack of flavor make it unappealing and unsatisfying."
system1_09,system1,J29,7.0,gemini-2.5-flash-lite,"La couleur est jolie, bien rosée, mais je vois pas mal de gras par endroits, j'espère que ça ne sera pas trop prononcé. Ça a l'air un peu brillant, ce qui est plutôt bon signe.","Ça a l'air assez tendre, pas trop sec. J'espère que ce n'est pas trop mou non plus, juste ce qu'il faut de mâche.","L'odeur est agréable, ça sent le bon jambon sans être trop fort. J'attends un bon goût de porc, légèrement salé, ce serait parfait.","The consumer finds the color appealing but is slightly concerned about the fat content, while the smell is promising for a comforting flavor."
system1_09,system1,J25,3.0,gemini-2.5-flash-lite,La couleur est un peu pâle et il y a un peu trop de gras visible. Ça ne rend pas très frais.,"La texture est un peu étrange, à la fois fondante mais avec un côté un peu caoutchouteux que je n'aime pas trop.","Le goût est un peu trop salé à mon goût et il manque ce petit goût de porc réconfortant, ça ressemble un peu trop à du bouillon.","The ham's appearance is not fresh, the texture is inconsistently rubbery, and the flavor is too salty with a lack of savory pork notes."
system1_09,system1,J07,3.0,gemini-2.5-flash-lite,"La couleur est un peu plus foncée que ce que j'aime, et il y a un peu trop de gras visible. Ça n'a pas l'air aussi frais et juteux que j'espérais.","C'est un peu ferme et sec à cœur, j'aurais préféré que ce soit plus fondant. Il y a un peu trop de mâche pour mon goût.","Le goût est assez neutre, pas très prononcé. Il est un peu trop salé à mon sens, et je ne sens pas cette petite note fumée réconfortante que j'apprécie.","The ham is too dark in color, too fatty, a bit dry and chewy, and has a neutral, overly salty flavor lacking the desired smoky note."
system1_10,system1,J22,8.5,gemini-2.5-flash-lite,"La couleur est plutôt jolie, un rose pâle pas trop artificiel, et il n'y a pas l'air d'avoir trop de gras visible.","En bouche, la texture est assez tendre, elle fond bien sans être pâteuse. Il y a juste ce qu'il faut de mâche, rien de caoutchouteux.","Le goût est subtil, un bon équilibre entre le salé et le porc, avec une pointe fumée légère qui est agréable. Pas un goût trop fort.","The ham has a visually appealing color, a satisfying tender texture, and a well-balanced, subtly smoky flavor that aligns with the consumer's preferences."
system1_10,system1,J17,4.0,gemini-2.5-flash-lite,"La couleur est un peu trop uniforme, plutôt un rose pâle qui manque de vie. Il y a aussi pas mal de gras visible, ce qui n'est pas idéal.","La texture est globalement assez tendre, mais certaines parties, notamment les nervures blanches, sont un peu trop fermes et caoutchouteuses. Les tranches sont aussi un peu trop fines pour bien apprécier.","Le goût est un peu trop salé à mon goût, ça masque un peu le goût du jambon. Il y a une légère note fumée, mais le sel prend le dessus.","The ham has an unappealing visual, an inconsistent texture with some tough parts, and is too salty, masking the desired ham flavor."
system1_10,system1,J11,4.0,gemini-2.5-flash-lite,"La couleur est jolie, un rose pâle assez classique, même si la tranche a l'air un peu irrégulière par endroits.","La texture est un peu surprise, elle est un peu pâteuse et manque un peu de mâche, pas vraiment ce que j'attendais.","Le goût est vraiment très léger, presque trop neutre. On sent à peine le sel et il manque vraiment de caractère, ça ne ressemble pas trop à du jambon.",The ham has an acceptable visual appeal but the texture is too pasty and the flavor is too neutral and lacks character.
system1_10,system1,J29,6.5,gemini-2.5-flash-lite,"La couleur est jolie, un beau rose, mais il y a pas mal de gras, ça fait un peu irrégulier.","C'est assez tendre, ça fond bien, mais j'aurais aimé un peu plus de mâche, ce n'est pas caoutchouteux heureusement.","Le goût est là, bien de jambon, pas trop salé, mais un peu léger, j'aurais préféré quelque chose d'un peu plus prononcé.","The ham has a pleasant color and texture, but the flavor is a bit too mild and there is a bit too much fat for my ideal."
system1_10,system1,J25,5.0,gemini-2.5-flash-lite,"La couleur est un peu pâle, et je vois qu'il y a pas mal de gras. Ça a l'air un peu humide, j'espère que ça ne sera pas trop aqueux.","La texture est assez fondante, mais ce n'est pas désagréable. Par contre, il y a quelques parties qui semblent un peu trop épaisses et un peu caoutchouteuses, ça gâche un peu le plaisir.","Le goût est assez subtil, peut-être même un peu trop. On sent une légère note salée et un peu de bouillon, mais le goût de jambon n'est pas très prononcé. Il manque un peu de caractère.","The ham is acceptable with a decent texture and subtle flavor, but the appearance and slightly rubbery parts prevent a higher score."
system1_10,system1,J07,6.0,gemini-2.5-flash-lite,"La couleur est un peu plus foncée que ce que j'espérais, et je vois quelques zones un peu grasses et des cartilages qui ne me semblent pas idéaux.","La texture est assez ferme, avec une bonne mâche, mais je trouve qu'il est un peu sec par endroits. Pas désagréable, mais pas non plus fondant.","Le goût est plutôt neutre, juste ce qu'il faut de sel, mais il manque un peu de ce bon goût de porc savoureux que j'aime. Pas de goût artificiel, c'est déjà ça.","The ham is acceptable with a decent texture and flavor, but the visual aspects and slight dryness prevent a higher score."
system2_01,system2,J22,4.5,gemini-3-flash-preview,"L'aspect visuel est acceptable avec une couleur qui ne semble pas trop artificielle, mais l'absence de zones de gras visibles et le manque de fibres musculaires distinctes me font douter de la qualité de la découpe initiale.","La texture est assez décevante pour mon profil ; bien que le jambon ne rejette pas d'eau, cette élasticité persistante suggère un produit potentiellement transformé qui manque de la fermeté naturelle d'un muscle entier.","Le goût est beaucoup trop discret et manque de caractère. Bien que le sel ne soit pas agressif, l'absence d'un vrai bouillon de légumes ou d'une saveur de porc affirmée ne justifie pas un investissement premium.","The consumer is disappointed by the elastic texture and lack of muscle definition, which contradicts their preference for high-quality, minimally processed meat, despite the acceptable sodium level."
system2_01,system2,J17,4.0,gemini-3-flash-preview,"L'aspect visuel est assez médiocre pour une analyse rigoureuse : la présence de gras excessif et de petits points de sang indique une sélection de viande peu soignée, et l'aspect reconstitué s'éloigne de mon exigence de fibres musculaires identifiables.","Bien que la fermeté soit globalement correcte et évite l'effet spongieux, la texture trahit une transformation industrielle avec des tranches trop fines qui ne permettent pas d'apprécier une structure de viande naturelle.","Le goût est dominé par une présence saline trop marquée pour mes critères de santé, masquant le peu de saveur naturelle du porc et suggérant un manque de qualité nutritionnelle.","The consumer is disappointed by the reconstituted appearance and high salt content, as these factors conflict with their preference for high protein quality and minimal additives."
system2_01,system2,J11,3.5,gemini-3-flash-preview,L'aspect est assez décevant avec une apparence de viande agglomérée et des petites perforations qui suggèrent une transformation industrielle marquée plutôt que de vraies fibres musculaires intactes.,"La texture manque cruellement de cohérence ; c'est à la fois un peu sec et farineux en bouche, loin de la fermeté naturelle recherchée pour un produit de qualité.","Le goût est extrêmement neutre, presque absent. Si le faible taux de sel est un point positif sur le papier, l'absence totale de caractère aromatique rend l'expérience gustative très médiocre.","The product fails to meet the consumer's high standards for muscle fiber integrity and firm texture, offering a processed feel and insufficient flavor profile for the price."
system2_01,system2,J29,4.5,gemini-3-flash-preview,"L'aspect est assez décevant pour un produit de cette catégorie ; la couleur rose semble artificielle et la présence de nervures de gras importantes, voire de cartilage, nuit à l'impression de qualité musculaire recherchée.","La texture manque cruellement de fermeté. On est sur un produit trop moelleux qui manque de mâche, avec des zones hétérogènes entre le trop tendre et le cartilagineux, ce qui suggère une transformation industrielle peu rigoureuse.","Le goût est globalement correct et heureusement peu salé, ce qui correspond à mes critères nutritionnels, mais l'ensemble manque de caractère et de profondeur aromatique.","The consumer is dissatisfied with the poor texture and visible fat/cartilage, which contradicts their preference for high-quality muscle fiber and firm structure, despite the acceptable low sodium level."
system2_01,system2,J25,2.5,gemini-3-flash-preview,L'aspect est décevant : le jambon semble trop reconstitué avec des zones de couleurs hétérogènes et une humidité excessive en surface qui suggère une injection d'eau importante.,"La texture manque cruellement de fermeté ; c'est à la fois caoutchouteux et trop humide, loin des fibres musculaires naturelles que je recherche pour valider le rapport qualité-prix.","Le goût est dominé par un excès de sel et un bouillon de légumes trop présent qui masque totalement la saveur originelle du porc, ce qui ne correspond pas à mes critères nutritionnels.","The product fails the consumer's rigorous standards due to its reconstituted appearance, high sodium perception, and poor texture that suggests low-quality processing over nutritional value."
system2_01,system2,J07,4.5,gemini-3-flash-preview,"L'aspect est assez décevant pour un produit se voulant qualitatif : la couleur est hétérogène, plutôt pâle, avec la présence visible de gras et de nerfs qui nuisent à l'impression de pureté du muscle.","La texture est ferme avec une certaine mâche, ce qui est positif, mais l'expérience est gâchée par des parties cartilagineuses qui craquent sous la dent et une sensation de sécheresse en fin de bouche.","Le goût de porc est présent mais l'équilibre est rompu par une perception saline trop marquée, ce qui masque la subtilité du bouillon et contredit mes exigences de faible teneur en sodium.","The presence of connective tissue and high salt levels significantly detracts from the agent's strict requirements for high-quality protein and low sodium, despite a firm texture."
system2_02,system2,J22,5.5,gemini-3-flash-preview,"L'aspect visuel est globalement satisfaisant avec une couleur naturelle et peu de gras apparent, bien que la structure musculaire manque parfois de netteté.","La texture présente une certaine élasticité décevante ; je recherche une fibre plus ferme et moins spongieuse, même si l'absence d'exsudat aqueux est un point positif.","Le goût est plutôt discret et peu salé, ce qui me convient, mais l'arôme de viande manque de profondeur pour un produit de cette catégorie.",The consumer appreciates the low salt and lean appearance but is penalized by the elastic texture and lack of robust protein density.
system2_02,system2,J17,5.5,gemini-3-flash-preview,"L'aspect présente des nuances de rose intéressantes, mais la présence de points de sang et d'un excès de gras périphérique dégrade la perception de qualité ; la structure semble malheureusement reconstituée.","La fermeté est globalement satisfaisante et évite l'effet spongieux, cependant les tranches sont trop fines pour apprécier la fibre musculaire et la présence de nervures coriaces nuit à l'homogénéité.","Le goût de porc est présent mais manque de profondeur, avec une pointe de fumé correcte ; toutefois, la perception saline est un peu trop marquée par rapport à mes standards de santé.","While the firm texture aligns with the consumer's preference against polyphosphates, the reconstituted appearance, presence of blood spots, and slightly high salt levels conflict with their systematic quality and health standards."
system2_02,system2,J11,4.5,gemini-3-flash-preview,"L'aspect rose pâle est correct, mais la structure musculaire semble agglomérée par endroits avec quelques aspérités et trous qui trahissent un manque de densité naturelle.","La texture est décevante car elle manque de fermeté fibreuse ; le ressenti est légèrement farineux et pâteux en bouche, loin de la résistance mécanique attendue.","Le profil aromatique est beaucoup trop neutre et manque de caractère carné, bien que le faible taux de sel soit un point positif pour mes critères nutritionnels.","The agent is disappointed by the processed texture and lack of muscular integrity, despite the product meeting its preference for low salt content."
system2_02,system2,J29,4.5,gemini-3-flash-preview,"L'aspect est décevant pour un produit de cette catégorie ; la tranche manque d'uniformité avec des trous et des amas de gras visibles au centre, loin d'une structure musculaire intacte.","La texture manque cruellement de fermeté. Le produit est trop tendre, presque spongieux, et la présence de morceaux cartilagineux nuit totalement à l'expérience de mastication attendue.","Le goût est acceptable et peu salé, ce qui est un bon point, mais l'ensemble manque de caractère et de profondeur aromatique pour compenser les défauts structurels.","The agent is dissatisfied with the poor structural integrity and lack of firm texture, despite the positive low-salt profile, as the presence of fat aggregates and cartilage contradicts its preference for high-quality protein."
system2_02,system2,J25,2.5,gemini-3-flash-preview,L'aspect est décevant : le produit présente un exsudat aqueux important à l'ouverture et une structure hétérogène qui suggère une viande reconstituée plutôt qu'un muscle entier.,"La texture manque cruellement de fermeté ; elle est spongieuse et caoutchouteuse, ce qui indique probablement une rétention d'eau excessive au détriment de la densité protéique.",Le profil est dominé par une salinité beaucoup trop marquée et un goût de bouillon de légumes artificiel qui masque totalement la saveur naturelle du porc.,"The product fails the agent's requirements for structural integrity and low sodium content, showing clear signs of industrial additives and poor protein density."
system2_02,system2,J07,4.5,gemini-3-flash-preview,L'aspect visuel est décevant : la couleur est trop foncée et hétérogène. La présence de cartilages et de trous dans la structure musculaire suggère une parage insuffisant et un manque d'intégrité du produit brut.,"La texture est ferme avec de la mâche, ce qui est un point positif, mais la présence de nervures qui craquent sous la dent est inacceptable. C'est un peu sec à cœur, confirmant un manque de maîtrise de la cuisson.","Le goût de porc est présent mais gâché par une sensation saline trop marquée. On est loin de l'équilibre recherché, le sel prenant le dessus sur les arômes naturels de la viande.","While the firm texture and lack of sponginess align with the consumer's preference for minimal additives, the presence of nerves, cartilage, and excessive salt levels violates their standards for quality and health."
system2_03,system2,J22,5.5,gemini-3-flash-preview,"L'aspect est globalement satisfaisant avec une couleur qui semble naturelle, évitant le rose artificiel, bien que la présence de quelques zones de gras suggère une parage qui pourrait être plus rigoureux pour un produit de qualité.","La texture est décevante pour mes critères ; malgré un côté moelleux, on perçoit une élasticité caractéristique d'un manque de densité musculaire, s'éloignant de la fibre ferme que je recherche.","Le goût est assez neutre et manque de la profondeur d'un bouillon de légumes bien infusé, mais le niveau de sel reste acceptable et n'écrase pas totalement la saveur de la viande.","The consumer is disappointed by the elastic texture and lack of muscle structure which suggests processing additives, despite the acceptable sodium levels and natural visual color."
system2_03,system2,J17,4.5,gemini-3-flash-preview,"L'aspect visuel est mitigé : si les nuances de rose suggèrent une certaine authenticité, la présence de gras excessif et surtout de points de sang est assez rebutante pour un produit se voulant qualitatif. On devine un aspect reconstitué qui s'éloigne de ma recherche de structure musculaire intacte.","La texture est globalement ferme et ne semble pas trop élastique, ce qui est positif. Cependant, la finesse excessive des tranches empêche de bien apprécier la fibre de la viande, et la présence de nervures blanches coriaces indique un parage insuffisant.","Le goût de jambon est présent mais reste superficiel. Le sel est trop marqué à mon goût, masquant la subtilité de la viande, et la note fumée semble un peu artificielle, ce qui ne correspond pas à mon exigence de naturalité.","The consumer is disappointed by the reconstituted appearance and high sodium perception, which conflict with their systematic preference for minimal additives and high-quality protein structures."
system2_03,system2,J11,4.5,gemini-3-flash-preview,"La couleur rose pâle est correcte, mais l'aspect aggloméré et les nervures visibles suggèrent un manque de qualité dans la découpe. Les aspérités et les trous indiquent une transformation qui s'éloigne de mon idéal de structure musculaire intacte.","La fermeté est présente, ce qui est un bon point contre l'élasticité des polyphosphates, mais le côté un peu sec et légèrement farineux en bouche est décevant pour un produit de ce type.","Le goût est beaucoup trop neutre et manque cruellement de caractère porcin. Bien que le faible niveau de sel corresponde à mes critères de santé, l'absence de saveur authentique rend l'expérience gustative très médiocre.","The product meets the consumer's low-sodium requirement but fails significantly on flavor intensity and texture quality, which are high priorities for this systematic evaluator."
system2_03,system2,J29,4.5,gemini-3-flash-preview,"L'aspect est décevant pour un produit de qualité : la tranche présente des trous, une brillance excessive peu naturelle et surtout des morceaux de gras et de cartilage qui nuisent à la perception de muscle entier.","La texture manque cruellement de fermeté et de mâche ; c'est trop tendre, presque spongieux par endroits, avec des zones cartilagineuses désagréables qui rompent l'homogénéité fibreuse attendue.","Le goût est correct et l'assaisonnement en sel semble maîtrisé, mais l'ensemble manque de caractère et de relief aromatique pour un consommateur recherchant une saveur porcine authentique.","The consumer is dissatisfied with the poor visual integrity and lack of fibrous texture, despite the acceptable low salt levels, as the presence of cartilage and lack of 'mâche' suggest lower processing quality."
system2_03,system2,J25,2.5,gemini-3-flash-preview,"L'aspect est décevant : le jambon semble humide et présente plusieurs nuances de couleurs, ce qui suggère un produit reconstitué plutôt qu'une tranche de muscle entier. La présence de gras et d'eau à l'ouverture confirme un manque de qualité dans la transformation.","La texture est beaucoup trop caoutchouteuse et spongieuse, loin de la fermeté fibreuse que je recherche. On sent clairement l'effet des additifs qui retiennent l'eau, ce qui rend la mastication désagréable.",Le goût est dominé par un sel beaucoup trop agressif et un bouillon de légumes trop présent qui masque totalement la saveur authentique du porc. C'est un profil aromatique artificiel qui manque de subtilité.,"The product fails the consumer's primary requirements for a firm, fibrous texture and low sodium content, while the visual evidence of a reconstituted product contradicts their preference for minimal processing."
system2_03,system2,J07,5.5,gemini-3-flash-preview,"L'aspect est assez décevant et hétérogène : on observe trop de gras et de nerfs, avec des marques irrégulières qui nuisent à l'impression de qualité musculaire recherchée.","La texture est ferme avec une mâche intéressante qui évite l'aspect spongieux des polyphosphates, mais la présence de cartilages et un côté un peu sec en bouche gâchent l'expérience globale.","Le goût de porc est authentique et prononcé, ce qui est positif, mais l'ensemble est malheureusement trop marqué par le sel, ce qui contrevient à mes exigences nutritionnelles.","The product satisfies the requirement for a non-spongy, firm texture, but fails on nutritional grounds due to high salt perception and poor trimming of fat and connective tissue."
system2_04,system2,J22,4.5,gemini-3-flash-preview,"L'aspect est globalement correct avec une couleur rose qui ne semble pas trop artificielle, bien que la structure musculaire manque un peu de définition par rapport à une découpe artisanale entière.","La mâche est assez décevante pour mon profil ; je note une élasticité désagréable et un manque de fermeté fibreuse, ce qui suggère un traitement industriel s'éloignant de l'intégrité naturelle du muscle.","Le goût est très discret, presque trop léger, avec une pointe de sel un peu trop marquée qui masque le bouillon de légumes, sans toutefois présenter d'arrière-goût chimique majeur.","The product fails to meet the consumer's high priority for a firm, fibrous texture and traditional muscle integrity, presenting instead an elastic consistency and a salt profile that outweighs the meat's natural flavor."
system2_04,system2,J17,3.5,gemini-3-flash-preview,"L'aspect visuel est problématique pour un consommateur exigeant ; bien que les nuances de rose soient visibles, la structure semble manifestement reconstituée, ce qui contredit ma recherche d'intégrité musculaire. La présence de points de sang et d'un gras mal réparti confirme un défaut de sélection de la matière première.","La texture est hétérogène. Si la fermeté est présente, elle est compromise par des nervures blanches coriaces et une découpe en tranches beaucoup trop fines qui empêche de ressentir la résistance mécanique naturelle des fibres musculaires.","Le profil gustatif manque de relief et de pureté. La sensation saline est trop dominante pour mon régime, et le goût de jambon est masqué par un assaisonnement imprécis, loin de l'équilibre attendu entre la viande et un bouillon naturel.",The evidence of a reconstituted structure and excessive salt levels directly contradicts this consumer's priority for traditional muscle fiber integrity and objective nutritional balance.
system2_04,system2,J11,3.5,gemini-3-flash-preview,"La couleur rose pâle est acceptable, mais l'aspect de viande agglomérée avec des perforations et l'absence totale de bordure de gras indiquent un produit reconstitué plutôt qu'une tranche issue d'un muscle entier.","La texture est décevante ; malgré une certaine fermeté initiale, le côté farineux et l'impression pâteuse en bouche confirment une dégradation de l'intégrité des fibres musculaires.","Une saveur beaucoup trop neutre et sans relief. Bien que la faible perception saline soit un point positif, l'absence de notes de bouillon de légumes ou de vrai goût de porc rend l'ensemble insipide.",The product's agglomerated appearance and mealy texture contradict the consumer's priority for traditional muscle fiber integrity and high-quality processing.
system2_04,system2,J29,3.5,gemini-3-flash-preview,"L'aspect est hétérogène et décevant pour un produit de qualité. On observe des trous et une découpe grossière avec des morceaux de gras et de cartilage au milieu de la tranche, loin de l'intégrité musculaire recherchée. De plus, son aspect brillant suggère une rétention d'eau artificielle.","La texture manque cruellement de fermeté et de structure fibreuse. C'est trop mou et moelleux, avec une absence de résistance mécanique à la mastication, mis à part quelques zones coriaces et cartilagineuses qui nuisent à l'expérience sensorielle.","Le profil aromatique est beaucoup trop discret et manque de caractère. Bien que le sel soit modéré, ce qui est un point positif, l'absence de notes de bouillon ou de viande affirmée rend l'ensemble assez banal et peu qualitatif.","The product fails to meet the consumer's high standards for muscle fiber integrity and firm texture, showing signs of poor processing and inconsistent quality despite the acceptable salt level."
system2_04,system2,J25,2.5,gemini-3-flash-preview,L'aspect est décevant et peu qualitatif : le produit présente une humidité excessive en surface et une structure hétérogène qui suggère une viande reconstituée plutôt qu'une tranche entière de muscle. La présence de zones de gras mal réparties et un aspect légèrement luisant s'éloignent de mes critères de pureté visuelle.,"La texture manque cruellement de fermeté fibreuse. On perçoit une consistance caoutchouteuse, presque gélatinisée, qui ne procure aucune résistance naturelle sous la dent. Ce manque de structure mécanique confirme un traitement industriel trop poussé.","Le profil aromatique est dominé par une salinité beaucoup trop agressive qui masque le goût de la viande. Bien qu'un bouillon de légumes soit perceptible, l'ensemble manque de subtilité et de naturalité, laissant une impression de produit transformé sans caractère authentique.","The product fails on all key criteria for this consumer, specifically due to its reconstituted appearance, rubbery texture, and excessive salt content which contradicts their preference for low sodium and intact muscle fiber."
system2_04,system2,J07,4.5,gemini-3-flash-preview,"L'aspect visuel est décevant et manque d'homogénéité ; on observe des zones trop sombres, des trous dans la structure et une présence excessive de gras et de nerfs qui nuisent à l'impression de qualité bouchère.","Bien que la fermeté offre une certaine résistance mécanique intéressante, la présence de cartilages et de nervures qui craquent sous la dent est inacceptable pour un produit censé respecter l'intégrité de la fibre musculaire.","Le goût de porc est bien présent et plus authentique qu'un jambon reconstitué, mais la teneur en sel est trop élevée et masque la subtilité aromatique recherchée.","The consumer appreciates the natural pork flavor and firm texture over industrial gelatinization, but the poor trimming (nerves/cartilage) and high salt content fail their systematic quality and health requirements."
system2_05,system2,J22,4.5,gemini-3-flash-preview,"L'aspect visuel est assez hétérogène ; si la couleur rose est correcte, la présence de zones grasses visibles sur certaines tranches est regrettable pour un produit censé privilégier le muscle.","La mâche est décevante en raison d'une élasticité persistante qui manque de fermeté naturelle, s'éloignant de l'intégrité structurelle d'un jambon de qualité supérieure.","Le goût de porc manque de relief et la sensation saline est trop présente pour mon profil, masquant la saveur naturelle que je recherche dans un produit à haute densité protéique.","The consumer is dissatisfied with the product's elastic texture and inconsistent fat distribution, which conflict with their systematic preference for high-quality muscle fiber and low sodium."
system2_05,system2,J17,5.5,gemini-3-flash-preview,"L'aspect est hétérogène avec plusieurs nuances de rose, ce qui est acceptable, mais la présence de points de sang et d'un excès de gras périphérique dégrade le ratio viande/gras recherché. On perçoit clairement qu'il s'agit d'un jambon reconstitué.","La texture est globalement ferme et assez juteuse, offrant une tendreté correcte en bouche, bien que la présence de nervures blanches coriaces vienne perturber l'intégrité structurelle du muscle lors de la mastication.","Le profil aromatique est moyen ; le goût de jambon est présent avec une note légèrement fumée, mais le sel est trop marqué pour mon profil, masquant la saveur naturelle de la protéine.","The consumer is dissatisfied with the reconstituted nature and sodium levels of the product, as well as the presence of connective tissue, which conflicts with their preference for high-quality muscle integrity and low salt."
system2_05,system2,J11,4.5,gemini-3-flash-preview,"La couleur rose est globalement homogène et conforme à mes attentes, bien que l'aspect aggloméré et la présence de petits trous suggèrent une transformation industrielle marquée plutôt qu'une pièce de muscle entière.","La fermeté est acceptable, mais le côté légèrement farineux et parfois sec en bouche indique un manque de jutosité naturelle et une possible altération de l'intégrité structurelle des fibres.","Le profil aromatique est beaucoup trop neutre et manque de caractère. Bien que le faible taux de sel soit un point positif pour mon régime, l'absence de saveur de viande réelle est décevante.",The product aligns with the consumer's low-sodium preference but fails to meet their high standards for muscle integrity and protein quality due to its bland flavor and processed texture.
system2_05,system2,J29,5.5,gemini-3-flash-preview,"La couleur rose est correcte, mais l'aspect visuel est décevant : la présence de nombreuses nervures de gras, de trous et de morceaux de cartilage contredit l'exigence d'un muscle noble et d'un ratio viande/gras optimal. L'aspect brillant suggère également une rétention d'eau peu souhaitable.","La texture est trop hétérogène ; si le jambon est globalement tendre, le manque de mâche et la présence de zones coriaces ou cartilagineuses nuisent à l'intégrité structurelle que j'attends d'un produit de qualité.","Le goût est le point fort de ce produit : l'assaisonnement est discret et le niveau de sel est bas, ce qui laisse s'exprimer la saveur naturelle du porc sans l'interférence d'arômes de synthèse trop marqués.","The consumer appreciates the low sodium content and natural flavor, but the poor visual quality and presence of fat and cartilage fail to meet their strict requirements for high protein density and muscle integrity."
system2_05,system2,J25,2.5,gemini-3-flash-preview,L'aspect est décevant : le jambon semble reconstitué avec des nuances de couleurs hétérogènes et une présence de gras et d'exsudat aqueux à l'ouverture qui trahit une mauvaise rétention protéique.,"La texture manque cruellement d'intégrité musculaire, oscillant entre un aspect caoutchouteux et une humidité excessive, loin de la fermeté structurée que je recherche.",Le profil aromatique est dominé par un goût de bouillon de légumes artificiel et un excès de sel qui masque totalement la saveur naturelle du porc.,"The product fails on all systematic criteria, particularly due to its high sodium perception, reconstituted appearance, and lack of genuine muscle texture."
system2_05,system2,J07,3.5,gemini-3-flash-preview,L'aspect visuel est décevant : la couleur est trop foncée par endroits et la présence de gras et de nerfs est trop marquée pour un produit de qualité. On distingue des trous et des cartilages qui nuisent à l'homogénéité du muscle.,"La texture est assez ferme avec de la mâche, mais l'expérience est gâchée par des nervures désagréables qui craquent sous la dent. Le cœur du produit est un peu sec, manquant de cette tendreté structurée que je recherche.","Le goût de porc est présent, mais l'équilibre est rompu par une sensation trop salée. L'authenticité promise par l'aspect rustique ne se retrouve pas en bouche, laissant une impression de produit mal équilibré sur le plan nutritionnel.","The consumer is disappointed by the high presence of fat, nerves, and excessive sodium, which contradicts their preference for high meat-to-fat ratios and low-salt nutritional profiles."
system2_06,system2,J22,4.5,gemini-3-flash-preview,"L'aspect visuel est assez hétérogène ; si la couleur n'est pas trop artificielle, l'absence de fibres musculaires nettement définies et la présence de zones grasses suggèrent une transformation industrielle qui s'éloigne d'un produit brut.","La texture est problématique car elle présente une élasticité artificielle peu agréable sous la dent, manquant de la fermeté naturelle et de la structure fibreuse attendues pour un jambon de qualité supérieure.","Le goût est globalement trop neutre et manque de caractère carné ; bien que la perception du sel soit maîtrisée, l'absence de notes de bouillon de légumes rend l'ensemble très moyen sur le plan aromatique.",The product's artificial elasticity and lack of distinct muscle fiber structure significantly detract from the consumer's high-priority texture requirements and systematic preference for minimally processed meat.
system2_06,system2,J17,5.5,gemini-3-flash-preview,"L'aspect est globalement correct avec des nuances de rose, mais la présence de gras et de points de sang suggère un manque de sélection rigoureuse de la matière première. On perçoit un aspect de jambon reconstitué qui s'éloigne de mon idéal de fibres musculaires distinctes.","La texture est ferme et assez juteuse, ce qui est positif, mais la présence de nervures blanches coriaces et la finesse excessive des tranches nuisent à la perception de qualité structurelle que je recherche.","Le goût de jambon est présent avec une note fumée subtile, cependant le niveau de sel est trop marqué pour mon profil nutritionnel, masquant partiellement la saveur naturelle de la viande.","The consumer appreciates the firm texture and natural meat flavor but is penalized by the visual defects, evidence of reconstitution, and a sodium level that exceeds their 'low salt' preference."
system2_06,system2,J11,4.5,gemini-3-flash-preview,"L'aspect rose pâle et uniformément aggloméré, marqué par quelques aspérités et trous, suggère une viande reconstituée plutôt qu'un muscle entier, ce qui contredit mes critères de qualité structurelle.","La texture est décevante car elle présente un côté farineux et pâteux en bouche, loin de la fermeté fibreuse naturelle que je recherche ; cela indique probablement une utilisation excessive de liants ou de protéines ajoutées.","Le profil est extrêmement neutre, manquant de la profondeur d'un bouillon de légumes ou d'un goût de viande affirmé, bien que la faible perception du sel soit un point positif pour mon analyse nutritionnelle.","The consumer is dissatisfied with the product's lack of muscle fiber integrity and its floury texture, which suggest industrial processing and additives that conflict with their systematic preference for natural, high-protein benchmarks."
system2_06,system2,J29,4.5,gemini-3-flash-preview,"L'aspect est irrégulier avec des nervures de gras et du cartilage visibles, ce qui témoigne d'une découpe grossière loin de l'aspect fibreux recherché ; la brillance excessive suggère une rétention d'eau potentiellement liée à des additifs.",La texture manque cruellement de fermeté et de mâche ; le contraste entre le côté trop moelleux et les zones cartilagineuses coriaces indique un manque de sélection rigoureuse de la matière première.,"Le goût est globalement neutre et peu prononcé, bien que le niveau de sel soit maîtrisé, ce qui correspond à mes attentes physiologiques malgré un manque de profondeur aromatique.","The consumer is dissatisfied with the poor visual quality and inconsistent texture including cartilage, which contradicts their requirement for high-quality muscle fibers and firm structure."
system2_06,system2,J25,3.2,gemini-3-flash-preview,L'aspect est décevant : le produit présente un exsudat aqueux important à l'ouverture et une texture visuellement reconstituée avec des variations de couleurs peu naturelles.,"La structure manque de fermeté ; le côté caoutchouteux suggère une utilisation excessive de liants, ce qui contredit ma recherche de fibres musculaires intactes.","Le profil est dominé par un sel beaucoup trop présent, masquant le goût de la viande, malgré une tentative perceptible d'aromatisation par un bouillon de légumes.","The product fails on all key criteria for this consumer, specifically due to its high perceived sodium content, artificial rubbery texture, and poor visual integrity."
system2_06,system2,J07,4.5,gemini-3-flash-preview,L'aspect est décevant avec une couleur rose trop pâle et la présence visible de gras et de cartilages qui nuisent à l'impression de qualité supérieure.,"La texture est ferme avec une certaine mâche, ce qui est positif, mais la présence de nerfs qui craquent sous la dent est inacceptable pour un produit censé être pur muscle.","Le goût est assez savoureux avec une bonne longueur en bouche, bien que la perception du sel soit un peu trop marquée par rapport à mes objectifs de réduction de sodium.","While the firm texture and lack of artificial elasticity align with the consumer's requirements, the presence of nerves, gristle, and high perceived salt levels significantly detract from the objective quality standards."
system2_07,system2,J22,4.5,gemini-3-flash-preview,"L'aspect visuel est correct avec une couleur qui ne semble pas trop artificielle, mais l'absence de fibres musculaires nettement définies me fait douter de l'intégrité structurelle de la découpe.","La mâche est assez décevante pour mon profil ; je note une élasticité désagréable et un manque de fermeté franche. C'est un peu trop mou, loin de la résistance naturelle d'un muscle plein.","Le goût est beaucoup trop discret. Bien que le sel soit relativement maîtrisé, l'arôme primaire du porc est masqué par une neutralité fade, manquant de la profondeur d'un bouillon de légumes.","The consumer is disappointed by the elastic texture and lack of structural integrity, which conflict with their preference for high-quality muscle meat and a firm, non-spongy bite."
system2_07,system2,J17,4.5,gemini-3-flash-preview,"L'aspect présente des nuances de rose intéressantes, mais la présence de gras et de points de sang suggère un manque de sélection rigoureuse des muscles ; l'aspect reconstitué contredit mon exigence de fibres musculaires intactes.","La texture est globalement ferme et juteuse, ce qui est positif, mais la présence de nervures blanches et le tranchage trop fin nuisent à la perception de qualité supérieure que je recherche.","Le goût est acceptable avec une note légèrement fumée, cependant la salinité est un peu trop marquée et tend à masquer la saveur authentique de la viande.","The product fails to meet the consumer's high standards for muscle integrity and minimal processing due to its reconstituted appearance and excessive salt, despite a generally firm texture."
system2_07,system2,J11,3.5,gemini-3-flash-preview,L'aspect est décevant car la viande semble agglomérée plutôt qu'issue d'un muscle entier ; on ne distingue pas les fibres naturelles et les trous dans la tranche suggèrent une restructuration industrielle.,"La texture manque de fermeté et présente un côté farineux ou pâteux en bouche, ce qui confirme l'usage probable de liants et s'éloigne de l'intégrité structurelle que je recherche.","Le goût est beaucoup trop neutre, presque inexistant, manquant cruellement du caractère aromatique d'un vrai jambon et d'un bouillon de légumes bien dosé.","The product fails to meet the consumer's high standards for muscle integrity and authentic texture, appearing overly processed and flavorless."
system2_07,system2,J29,4.0,gemini-3-flash-preview,"L'aspect visuel est problématique : la présence de trous, de nervures de gras et une découpe grossière indiquent un manque d'intégrité structurelle du muscle. La brillance excessive suggère également une rétention d'eau peu naturelle pour un produit de haute qualité.",La texture est très décevante car elle manque de la fermeté et de la mâche caractéristiques d'une fibre musculaire intacte. Le contraste entre le côté trop tendre et les morceaux cartilagineux confirme une hétérogénéité technique inacceptable.,"Bien que le taux de sel soit modéré, ce qui correspond à mes critères nutritionnels, le goût manque de relief et de puissance aromatique. C'est un jambon blanc très standard qui ne valorise pas assez le produit brut.","The consumer is dissatisfied with the product's poor structural integrity, including holes and cartilage, which contradicts their priority for high-quality muscle meat and firm texture."
system2_07,system2,J25,2.5,gemini-3-flash-preview,"L'aspect est décevant : le jambon semble reconstitué et présente une humidité excessive à l'ouverture, avec des zones de gras mal réparties et une couleur trop pâle qui manque de naturel.","La texture est problématique, oscillant entre le caoutchouteux et le spongieux ; on ne retrouve pas du tout la fermeté des fibres musculaires que je recherche dans un produit de qualité.",Le goût est dominé par un sel beaucoup trop agressif et un bouillon de légumes artificiel qui masque totalement la saveur originelle du porc.,"The product fails on all technical criteria, showing signs of a reconstituted structure, excessive additives, and a salt level that contradicts the consumer's preference for nutritional density and authenticity."
system2_07,system2,J07,4.5,gemini-3-flash-preview,"L'aspect est décevant et incohérent : la couleur rose pâle manque de naturel et la présence de gras, de nerfs et même de trous dans la tranche suggère une découpe peu soignée qui s'éloigne de l'intégrité musculaire recherchée.","Bien que la fermeté initiale et la mâche soient présentes, l'expérience est gâchée par des nervures désagréables qui craquent sous la dent et une sécheresse à cœur qui trahit un manque de jutosité naturelle.","Le goût de porc est perceptible mais l'équilibre est rompu par une salinité trop marquée qui domine l'ensemble, sans compter une sensation écœurante sur les parties trop lisses qui manque d'authenticité.","The product fails to meet the consumer's high standards for structural integrity and nutritional density due to the presence of nerves, cartilage, and an inconsistent texture despite its firm bite."
system2_08,system2,J22,6.0,gemini-3-flash-preview,"L'aspect est globalement satisfaisant avec une couleur qui ne semble pas trop artificielle, bien que la structure musculaire manque de netteté par endroits, suggérant un assemblage un peu hétérogène.","La mâche est correcte mais une certaine élasticité persistante trahit probablement l'usage de liants ; l'humidité est toutefois bien maîtrisée, ce qui évite le côté spongieux que je redoute.","Le profil aromatique est sobre et peu marqué, ce qui me convient, même si la pointe de sel est légèrement plus perceptible que ce que j'estime nécessaire pour un produit de qualité.","The consumer appreciates the controlled moisture and lack of excessive additives, but finds the elastic texture and slight saltiness inconsistent with their high standards for structural integrity and nutritional purity."
system2_08,system2,J17,3.5,gemini-3-flash-preview,L'aspect visuel est décevant pour un consommateur exigeant ; on distingue clairement que c'est un jambon reconstitué avec un excès de gras et des points de sang qui trahissent un manque de sélection rigoureuse de la matière première.,"Bien que la fermeté soit présente, elle est compromise par des nervures blanches désagréables et une découpe en tranches trop fines qui empêche d'apprécier la densité protéique réelle du produit.","Le profil aromatique est médiocre et manque de saveur authentique, avec une présence de sel qui semble masquer la qualité intrinsèque de la viande au lieu de la souligner.","The product's reconstituted nature, visible imperfections, and lack of flavor integrity fail to meet the high standards for structural quality and minimal processing required by this analytical consumer."
system2_08,system2,J11,4.5,gemini-3-flash-preview,"La couleur rose pâle semble naturelle, mais l'aspect aggloméré et les quelques trous dans la structure de la tranche suggèrent une intégrité musculaire imparfaite et un manque de densité protéique.","La texture est assez ferme, ce qui est positif, mais le côté légèrement farineux et sec en bouche indique un équilibre humidité-protéine suboptimal pour un produit de qualité supérieure.","Un profil aromatique très neutre, presque effacé ; si le faible taux de sel est appréciable, l'absence de caractère carné souligne un manque de qualité intrinsèque de la matière première.","The product meets the consumer's preference for low salt and a natural color, but its lack of structural integrity and neutral flavor profile fail to meet the high standards for objective meat quality and protein density."
system2_08,system2,J29,3.5,gemini-3-flash-preview,"L'aspect visuel est médiocre : la présence de nervures de gras et de zones brillantes suggère une injection de saumure excessive. La structure musculaire n'est pas intègre, avec des déchirures et des trous qui trahissent un assemblage industriel plutôt qu'une tranche noble.","La texture manque cruellement de fermeté. Le caractère 'moelleux' et 'tendre' rapporté est ici synonyme d'un manque de mâche protéique, probablement dû à un taux d'humidité trop élevé. La présence de morceaux cartilagineux confirme une sélection de viande de basse qualité.","Le profil aromatique est trop sobre et manque de la typicité d'un jambon de qualité. Bien que le taux de sel semble maîtrisé, l'absence de puissance en bouche suggère une dilution des saveurs liée au mode de transformation.","The product fails the consumer's strict criteria for structural integrity and high protein density, showing signs of industrial processing and poor meat selection despite a satisfactory salt level."
system2_08,system2,J25,2.5,gemini-3-flash-preview,"L'aspect est très décevant : la tranche manque de structure musculaire et semble reconstituée, avec une humidité excessive et des zones gélatineuses visibles à l'ouverture.","La texture est médiocre ; le produit est à la fois caoutchouteux et trop humide, ce qui trahit probablement l'utilisation d'additifs pour retenir l'eau au détriment de la densité protéique.",Le profil aromatique est dominé par un sel trop marqué et un goût de bouillon de légumes qui masque totalement la saveur originelle de la viande.,"The product fails to meet the consumer's strict requirements for structural integrity and minimal additives, showing clear signs of water retention and a lack of authentic meat quality."
system2_08,system2,J07,4.5,gemini-3-flash-preview,"L'aspect visuel est décevant : la présence de nerfs et de zones gélatineuses compromet l'intégrité de la structure musculaire, tandis que les trous et l'irrégularité de la couleur suggèrent un manque de densité protéique.","Bien que la mâche soit ferme, ce qui est positif, la présence de cartilages et de nervures qui craquent sous la dent indique un parage de la viande médiocre pour un produit censé être qualitatif.",Le profil aromatique est trop marqué par le sel et manque de la subtilité attendue d'un produit authentique ; la sensation de gras en bouche nuit à la perception de la qualité de la viande.,"The consumer's systematic focus on structural integrity and meat purity is unsatisfied by the presence of nerves, cartilage, and excessive salt, despite the product's acceptable firmness."
system2_09,system2,J22,4.5,gemini-3-flash-preview,"L'aspect est correct avec une couleur qui n'est pas trop artificielle, mais la présence de zones un peu grasses et le manque de visibilité des fibres musculaires m'éloignent de mon idéal de jambon traditionnel à l'ancienne.","La mâche est décevante car elle présente une élasticité caractéristique des produits industriels ; bien qu'il ne rejette pas d'eau, le manque de densité fibreuse et ce côté un peu trop tendre manquent de caractère.","Le goût est globalement trop discret et manque de la profondeur d'un bouillon de légumes ; la sensation de sel est présente sans être excessive, mais l'ensemble reste très neutre et peu mémorable.","The product fails to meet the consumer's high standards for muscle integrity and traditional texture, exhibiting an industrial elasticity and a lack of flavor complexity despite the acceptable salt level."
system2_09,system2,J17,3.0,gemini-3-flash-preview,"Bien que les nuances de rose suggèrent une certaine variété, l'aspect global trahit un jambon reconstitué avec un excès de gras qui s'éloigne de l'intégrité musculaire que je recherche. Les points de sang visibles sont peu engageants pour un produit censé être de qualité supérieure.","La texture est ferme, mais le tranchage trop fin et la présence de nervures blanches confirment un assemblage industriel. On ne retrouve pas la densité fibreuse d'une tranche noble, ce qui rend la mastication peu satisfaisante pour mon profil.","Le sel est trop présent en bouche, masquant le goût authentique de la viande de porc. Ce manque de finesse aromatique, couplé à une note fumée non souhaitée, ne correspond pas à la sobriété attendue d'une cuisson au bouillon naturel.","The consumer is highly disappointed by the industrial, reconstituted appearance and the excessive salt content, which directly contradict their preference for high muscle integrity and minimal additives."
system2_09,system2,J11,3.5,gemini-3-flash-preview,"L'aspect rose pâle est acceptable, mais la structure agglomérée et les trous dans la tranche trahissent un manque d'intégrité musculaire ; on est loin d'une pièce de viande entière et naturelle.","La texture est décevante, oscillant entre un côté pâteux et une sensation un peu farineuse en bouche, manquant cruellement de la densité fibreuse que je recherche.","Le goût est extrêmement neutre, presque absent. Si la faible teneur en sel est un point positif, l'absence totale de caractère carné et de bouillon végétal rend l'expérience insipide.",The consumer is dissatisfied because the product's reconstituted appearance and mealy texture fail to meet their high standards for muscle integrity and traditional processing.
system2_09,system2,J29,3.5,gemini-3-flash-preview,"L'aspect est très insatisfaisant : la tranche est trop brillante et présente des irrégularités structurelles comme des trous et des morceaux de cartilage, ce qui contredit l'exigence d'une intégrité musculaire naturelle.","La texture manque cruellement de la densité fibreuse attendue ; c'est trop tendre, presque mou, avec des points coriaces et cartilagineux qui sont inacceptables pour un produit de qualité.","Le profil aromatique est correct car le sel n'est pas trop présent, mais l'ensemble manque de caractère et de la profondeur d'un bouillon de légumes traditionnel.","The product fails to meet the consumer's high standards for muscle integrity and texture, as the presence of cartilage and a shiny, non-fibrous appearance suggest industrial processing rather than traditional quality."
system2_09,system2,J25,2.0,gemini-3-flash-preview,"L'aspect est très décevant car le produit semble reconstitué et beaucoup trop humide à l'ouverture, loin de la texture mate et hétérogène que j'attends d'une tranche de qualité.","La texture est beaucoup trop élastique et caoutchouteuse, manquant de la densité fibreuse nécessaire pour un jambon authentique ; ce caractère spongieux est rédhibitoire.",Le profil aromatique est déséquilibré par un excès de sel et un goût de bouillon de légumes trop artificiel qui masque totalement la saveur originelle du porc.,"The product fails on all key criteria for this consumer, specifically due to its industrial reconstituted appearance, rubbery texture, and excessive sodium levels which mask the natural meat flavor."
system2_09,system2,J07,4.5,gemini-3-flash-preview,"L'aspect est assez décevant car hétérogène de la mauvaise manière : on observe des nerfs, du cartilage et des trous dans la tranche. Bien que la couleur rose pâle soit correcte, la présence de gras excessif et de zones à l'aspect 'lisse' me fait douter de la qualité de la découpe et de l'intégrité du muscle.","La texture est ferme et offre une certaine mâche, ce qui est positif, mais l'expérience est gâchée par des nervures désagréables qui craquent sous la dent. C'est un peu trop sec à cœur, manquant de cette souplesse naturelle que j'attends d'un produit peu transformé.","Le goût de porc est présent, ce qui est un bon point, mais l'équilibre est rompu par une sensation de sel trop marquée. La promesse d'un bouillon de légumes discret est effacée par une amertume ou une force en bouche qui ne correspond pas à la sobriété aromatique que je recherche.","While the consumer appreciates the firmness and natural pork flavor, the presence of cartilage, nerves, and excessive salt contradicts their requirement for high muscle integrity and low sodium."
system2_10,system2,J22,4.5,gemini-3-flash-preview,"L'aspect est globalement correct avec une couleur rose qui ne semble pas trop artificielle, mais la structure musculaire manque de définition et certaines zones paraissent hétérogènes, ce qui suggère une transformation industrielle un peu trop marquée.","La mâche est décevante car elle présente une élasticité artificielle désagréable. Bien qu'il ne rejette pas d'eau, le manque de fermeté mécanique et cette texture caoutchouteuse indiquent un traitement qui ne respecte pas l'intégrité des fibres musculaires.","Le profil aromatique est très neutre, presque trop léger. On perçoit une pointe de sel qui domine un goût de viande peu prononcé, manquant de la profondeur que l'on attend d'un bouillon de légumes bien dosé.","The product fails to meet the consumer's high standards for firm, non-elastic texture and a robust, natural meat flavor, despite having an acceptable sodium perception and visual appearance."
system2_10,system2,J17,4.5,gemini-3-flash-preview,"L'aspect est hétérogène avec plusieurs nuances de rose, mais la présence de points de sang et d'un excès de gras périphérique suggère un parage et une sélection de matière première insuffisants.","La texture est globalement ferme, ce qui est positif, mais la présence de nervures blanches coriaces et l'aspect reconstitué contredisent mon exigence d'une structure musculaire intacte.","Le profil aromatique est moyen ; bien que le goût de jambon soit présent avec une note fumée, la perception du sel est trop marquée par rapport à mes critères nutritionnels.","The consumer is disappointed by the visible blood spots and reconstituted nature of the ham, as well as a sodium level that exceeds their preference for low salt."
system2_10,system2,J11,4.5,gemini-3-flash-preview,"La couleur rose pâle semble naturelle, mais l'aspect aggloméré et les petites aspérités avec des trous suggèrent un manque d'intégrité de la structure musculaire, ce qui m'éloigne de mon idéal de fibres intactes.","La texture est décevante car elle oscille entre un aspect ferme et un côté un peu pâteux ou farineux, ce qui indique un traitement technologique peu satisfaisant et un manque de densité carnée.","Le profil aromatique est beaucoup trop neutre et manque de caractère ; bien que la faible salinité soit un point positif, l'absence de goût prononcé de viande de porc rend l'expérience médiocre.","The consumer is disappointed by the inconsistent texture and the aggregated visual appearance which contradict their preference for high-quality muscle structure, despite the acceptable low sodium profile."
system2_10,system2,J29,4.5,gemini-3-flash-preview,"L'aspect visuel est décevant pour un produit de cette catégorie. Bien que la couleur rose soit correcte, la présence de gros morceaux de gras intramusculaires et de nervures nuit à la perception de qualité bouchère. La texture semble hétérogène avec une brillance excessive qui suggère une rétention d'eau peu naturelle.","La texture manque cruellement de fermeté et de résistance mécanique. C'est trop moelleux, presque mou, ce qui indique probablement un traitement industriel visant à augmenter le rendement. La présence de zones cartilagineuses ou coriaces confirme un manque de sélection rigoureuse des muscles.","Le profil aromatique est acceptable car la salinité est maîtrisée, ce qui correspond à mes critères. Cependant, le goût de viande est trop discret et manque de la profondeur que l'on attend d'un jambon de qualité supérieure sans additifs masquants.","The product fails the consumer's high priority for a firm, dense texture and intact muscle structure due to its softness, visible fat deposits, and lack of mechanical resistance."
system2_10,system2,J25,2.5,gemini-3-flash-preview,"L'aspect est décevant et peu qualitatif : la tranche semble reconstituée avec plusieurs nuances de couleurs et une humidité excessive en surface, loin d'une structure musculaire intègre.","La texture est problématique, oscillant entre le caoutchouc et une sensation spongieuse qui rend l'eau, confirmant un manque de densité mécanique.",Le profil aromatique est dominé par un sel trop agressif et un goût de bouillon de légumes qui masque totalement la saveur originelle du porc.,"The product fails on all technical criteria, showing evidence of water retention, a reconstituted structure, and an excessive sodium level that contradicts the agent's preference for high-quality, low-salt meat."
system2_10,system2,J07,4.5,gemini-3-flash-preview,"L'aspect visuel est décevant : la présence de gras apparent et de cartilages contredit mon critère de structure musculaire pure, tandis que la couleur sombre par endroits et les trous suggèrent un manque d'homogénéité.","La mâche est ferme et dense, ce qui est positif, mais la sensation de nerfs sous la dent et la sécheresse à cœur indiquent une qualité de découpe médiocre malgré l'absence apparente d'excès d'eau.","Le goût de porc est présent, mais l'équilibre est rompu par une perception de sel trop marquée pour mes standards, masquant la finesse du bouillon de légumes recherché.","The consumer's high priority on texture and technical purity is undermined by the presence of nerves, cartilage, and excessive salt, despite the product's desirable firmness."
